<?xml version="1.0" encoding="UTF-8" standalone="yes"?>
<addon id="plugin.video.bygencer" name="[B][COLOR ghostwhite]Cakir[/COLOR][COLOR red] Addons[/COLOR][/B]" version="1.0" provider-name="Cakir">
  <requires>
    <import addon="xbmc.python" version="2.1.0"/>
	<import addon="script.module.requests" />
	<import addon="script.video.F4mProxy" />
  </requires>
  <extension point="xbmc.python.pluginsource" library="default.py">
        <provides>video</provides>
  </extension>
  <extension point="xbmc.addon.metadata">
    <summary lang="en">Bu Addons By Gencer Telegram Grubuna Aittir</summary>
    <description lang="en">Canlı Yayın Paketi</description>
	<disclaimer lang="en">Bu Addons By GENCER telegram Grubu için hazırlanmıştır. İzinsiz dağıtılamaz ve kopyalanamaz.</disclaimer>
    <platform>all</platform>
  </extension>
</addon>
