<?xml version="1.0" encoding="UTF-8" standalone="yes"?>
<addon id="plugin.video.El.bitirim.Turko.Tv"
	name="[COLOR red]El[/COLOR] [COLOR white]Bitirim[/COLOR] [COLOR red]Turko[/COLOR] [COLOR white]TV [/COLOR]"
	version="1.0.0"
	provider-name="[COLOR red]El[/COLOR][COLOR white]Turko[/COLOR] | [COLOR red]Bitirim[/COLOR][COLOR white]27 [/COLOR]">
  <requires>
    <import addon="xbmc.python" version="2.1.0"/>
    <import addon="script.module.addon.common" version="2.0.0"/>
    <import addon="plugin.video.youtube" version="5.0.0"/>
  </requires>
  <extension point="xbmc.python.pluginsource" library="ElBitirimTurkoTv.py">
    <provides>video</provides>
  </extension>
  <extension point="xbmc.addon.metadata">
    <summary lang="en">[COLOR red]El[/COLOR] [COLOR white]Bitirim[/COLOR] [COLOR red]Turko[/COLOR] [COLOR white]TV [/COLOR]</summary>
    <description>[COLOR red]"Turk Filimler,[COLOR green] Belgesel,[COLOR skyblue] Diziler, [COLOR orange] Cizgi Filimler, [COLOR gold] Alman Filimler,[COLOR cyan] Dokus,[COLOR lime] Kinderfilme,[COLOR yellow] Kinderhorspiele"[/COLOR] [COLOR white]Ve daha Fazlaysiyla[/COLOR] 
[COLOR red]El[/COLOR] [COLOR white]Bitirim[/COLOR] [COLOR red]Turko[/COLOR] [COLOR white]TV [/COLOR] Bulabilirsiniz.[/COLOR]

[COLOR red]Danke fur den Support:[/COLOR] [COLOR white]http://paypal.me/elturkotc [/COLOR] 
[COLOR red]Bizi Destekletmek Isterseniz:[/COLOR] [COLOR white]http://paypal.me/elturkotc [/COLOR] 

                 [COLOR red]BIZE ULASMAK ISTERSENIZ[/COLOR] 
[COLOR dodgerblue]Absolut Kodi News : [/COLOR] [COLOR skyblue]http://absolut-kodi.com [/COLOR]
[COLOR dodgerblue]Facebook Gruppe : [COLOR skyblue]Absolut Kodi[/COLOR]
</description>
    <platform>all</platform>
  </extension>
</addon>
